,fecha_venta,antiguedad_propiedad,distancia_al_metro,tiendas_cercanas,latitud,longitud,precio_uf_m2
0,2013.3329999999999,10.8,252.5822,1.0,-33.46459999999999,-70.63046,117.5
1,2013.3329999999999,37.2,186.5101,9.0,-33.467029999999994,-70.64264999999997,78.3
2,2013.5829999999999,35.4,318.5292,9.0,-33.46070999999999,-70.64068999999998,78.0
3,2013.4170000000001,0.0,292.9978,6.0,-33.46744,-70.64457999999998,73.6
4,2012.8329999999999,0.0,292.9978,6.0,-33.46744,-70.64457999999998,71.0
5,2013.25,0.0,292.9978,6.0,-33.46744,-70.64457999999998,70.1
6,2013.3329999999999,0.0,292.9978,6.0,-33.46744,-70.64457999999998,69.7
7,2013.25,40.9,122.3619,8.0,-33.457559999999994,-70.64229999999998,67.7
8,2013.5,15.3,370.0,1.0,,,66.0
9,2012.833,15.3,370.0,1.0,,,66.0
10,2013.5,6.5,90.45606,9.0,-33.46432999999999,-70.64309999999998,63.9
11,2013.4170000000001,0.0,292.9978,6.0,-33.46744,-70.64457999999998,63.3
12,2013.0829999999999,41.4,281.205,8.0,-33.463449999999995,-70.64093000000001,63.3
13,2013.5,5.3,259.6607,6.0,-33.46585,-70.64515999999998,63.2
14,2013.0829999999999,38.6,804.6897,4.0,-33.46838,-70.63476999999997,62.9
15,2013.4170000000001,6.4,90.45606,9.0,-33.46432999999999,-70.64309999999998,62.2
16,2013.4170000000001,6.4,90.45606,9.0,-33.46432999999999,-70.64309999999998,62.2
17,2013.5,4.1,56.47425,7.0,-33.44743999999999,-70.63710999999998,62.1
18,2013.1670000000001,3.6,373.8389,10.0,-33.47322,-70.63765,61.9
19,2013.5829999999999,35.9,640.7391,3.0,-33.46562999999999,-70.63714999999998,61.5
20,2013.25,3.8,383.8624,5.0,-33.47085,-70.64390999999998,60.7
21,2013.0829999999999,41.3,124.9912,6.0,-33.45674,-70.64039,60.7
22,2012.917,23.5,423,,nan,nan,60.0
23,2013.333,23.5,423,,nan,nan,60.0
24,2013.5,16.6,289.3248,5.0,-33.47203,-70.64348000000001,59.6
25,2013.4170000000001,6.4,90.45606,9.0,-33.46432999999999,-70.64309999999998,59.5
26,2013.5829999999999,6.6,90.45606,9.0,-33.46432999999999,-70.64309999999998,59.0
27,2013.0829999999999,3.6,383.8624,5.0,-33.47085,-70.64390999999998,58.8
28,2013.5829999999999,6.6,90.45606,9.0,-33.46432999999999,-70.64309999999998,58.1
29,2013.3329999999999,6.3,90.45606,9.0,-33.46432999999999,-70.64309999999998,58.1
30,2013.0829999999999,6.2,90.45606,9.0,-33.46432999999999,-70.64309999999998,58.0
31,2012.9170000000001,3.5,49.66105,8.0,-33.448359999999994,-70.63756,57.8
32,2012.9170000000001,9.9,279.1726,7.0,-33.46527999999999,-70.64541,57.4
33,2013.0829999999999,7.1,451.2438,5.0,-33.46562999999999,-70.64694,57.1
34,2013.3329999999999,3.9,49.66105,8.0,-33.448359999999994,-70.63756,56.8
35,2013.5,8.5,104.8101,5.0,-33.45674,-70.64067,56.8
36,2012.9170000000001,5.9,90.45606,9.0,-33.46432999999999,-70.64309999999998,56.3
37,2012.6670000000001,3.1,383.8624,5.0,-33.47085,-70.64390999999998,56.2
38,2013.1670000000001,11.6,201.8939,8.0,-33.474889999999995,-70.64121,55.9
39,2013.5,8.5,104.8101,5.0,-33.45674,-70.64067,55.5
40,2012.8329999999999,0.0,185.4296,0.0,-33.461099999999995,-70.6317,55.3
41,2013.1670000000001,30.1,718.2937,3.0,-33.465090000000004,-70.63644000000001,55.3
42,2012.8329999999999,0.0,185.4296,0.0,-33.461099999999995,-70.6317,55.2
43,2012.75,15.4,205.36700000000002,7.0,-33.47418999999999,-70.64242999999998,55.1
44,2013.5829999999999,2.6,533.4762,4.0,-33.46445,-70.64765,55.0
45,2013.0829999999999,16.2,289.3248,5.0,-33.47203,-70.64348000000001,55.0
46,2013.25,3.8,383.8624,5.0,-33.47085,-70.64390999999998,55.0
47,2013.5,13.3,561.9845,5.0,-33.477459999999994,-70.64390999999998,54.8
48,2013.0829999999999,1.1,193.5845,6.0,-33.45571,-70.64089,54.4
49,2012.9170000000001,6.8,379.5575,10.0,-33.47342999999999,-70.63762,54.4
50,2012.8329999999999,3.4,56.47425,7.0,-33.44743999999999,-70.63710999999998,54.4
51,2013.083,4.2,243,,nan,nan,54.0
52,2012.083,4.2,243,,nan,nan,54.0
53,2013.5829999999999,2.7,533.4762,4.0,-33.46445,-70.64765,53.9
54,2012.8329999999999,4.6,259.6607,6.0,-33.46585,-70.64515999999998,53.7
55,2012.6670000000001,5.7,90.45606,9.0,-33.46432999999999,-70.64309999999998,53.5
56,2012.9170000000001,3.5,56.47425,7.0,-33.44743999999999,-70.63710999999998,53.5
57,2012.6670000000001,30.6,143.8383,8.0,-33.47154999999999,-70.64142,53.3
58,2013.3329999999999,14.1,289.3248,5.0,-33.47203,-70.64348000000001,53.3
59,2013.4170000000001,16.4,289.3248,5.0,-33.47203,-70.64348000000001,53.0
60,2012.9170000000001,15.9,289.3248,5.0,-33.47203,-70.64348000000001,53.0
61,2012.8329999999999,5.9,90.45606,9.0,-33.46432999999999,-70.64309999999998,52.7
62,2013.0,8.1,104.8101,5.0,-33.45674,-70.64067,52.5
63,2012.75,0.0,185.4296,0.0,-33.461099999999995,-70.6317,52.2
64,2013.5,5.2,390.5684,5.0,-33.46937,-70.64245,52.2
65,2013.0829999999999,0.0,274.0144,1.0,-33.4648,-70.63059,52.2
66,2012.9170000000001,8.0,104.8101,5.0,-33.45674,-70.64067,51.8
67,2012.6670000000001,1.1,329.9747,5.0,-33.472539999999995,-70.64394999999998,51.8
68,2013.0829999999999,16.1,289.3248,5.0,-33.47203,-70.64348000000001,51.7
69,2013.5,4.1,312.8963,5.0,-33.44591,-70.63955999999997,51.7
70,2013.0829999999999,8.1,104.8101,5.0,-33.45674,-70.64067,51.6
71,2013.4170000000001,10.5,279.1726,7.0,-33.46527999999999,-70.64541,51.6
72,2013.25,16.2,289.3248,5.0,-33.47203,-70.64348000000001,51.4
73,2013.4170000000001,16.4,289.3248,5.0,-33.47203,-70.64348000000001,51.0
74,2013.5829999999999,16.6,323.6912,6.0,-33.46840999999999,-70.6428,51.0
75,2012.75,0.0,338.9679,9.0,-33.45853,-70.64412999999998,50.8
76,2013.0,1.0,193.5845,6.0,-33.45571,-70.64089,50.7
77,2013.0,1.0,193.5845,6.0,-33.45571,-70.64089,50.7
78,2013.5829999999999,35.7,579.2083,2.0,-33.47239999999999,-70.64618999999998,50.5
79,2013.3329999999999,1.7,329.9747,5.0,-33.472539999999995,-70.64394999999998,50.4
80,2013.5,14.4,169.9803,1.0,-33.46369,-70.62979,50.2
81,2012.6670000000001,5.6,90.45606,9.0,-33.46432999999999,-70.64309999999998,50.0
82,2013.3329999999999,7.1,379.5575,10.0,-33.47342999999999,-70.63762,49.8
83,2012.6670000000001,1.5,23.382839999999998,7.0,-33.457719999999995,-70.64102,49.7
84,2013.25,5.4,390.5684,5.0,-33.46937,-70.64245,49.5
85,2013.25,16.5,323.655,6.0,-33.46840999999999,-70.64281,49.3
86,2013.25,16.5,323.655,6.0,-33.46840999999999,-70.64281,49.3
87,2013.4170000000001,9.7,421.47900000000004,5.0,-33.47246,-70.64477,49.3
88,2013.25,1.1,193.5845,6.0,-33.45571,-70.64089,49.0
89,2013.1670000000001,1.1,193.5845,6.0,-33.45571,-70.64089,48.6
90,2013.5829999999999,30.6,431.1114,10.0,-33.47122999999999,-70.63743000000001,48.5
91,2013.5829999999999,30.6,431.1114,10.0,-33.47122999999999,-70.63743000000001,48.5
92,2013.25,35.8,170.7311,7.0,-33.457190000000004,-70.64268999999999,48.5
93,2013.4170000000001,32.8,204.1705,8.0,-33.472359999999995,-70.63923,48.2
94,2013.25,34.4,126.7286,8.0,-33.45881,-70.64089,48.2
95,2013.0829999999999,13.2,150.9347,7.0,-33.457249999999995,-70.64251999999998,48.1
96,2013.3329999999999,19.2,383.7129,8.0,-33.462,-70.64477,48.1
97,2013.5,13.6,492.2313,5.0,-33.45515,-70.63736999999998,48.0
98,2012.9170000000001,8.9,1406.43,0.0,-33.47573,-70.62758000000001,48.0
99,2013.5,32.3,109.9455,10.0,-33.471819999999994,-70.64085999999998,48.0
100,2013.0829999999999,10.1,279.1726,7.0,-33.46527999999999,-70.64541,47.9
101,2013.0829999999999,10.1,279.1726,7.0,-33.46527999999999,-70.64541,47.9
102,2012.6670000000001,3.1,577.9615,6.0,-33.46200999999999,-70.64721999999998,47.7
103,2012.6670000000001,1.5,23.382839999999998,7.0,-33.457719999999995,-70.64102,47.7
104,2013.5,13.6,319.0708,6.0,-33.45495,-70.64277,47.4
105,2013.4170000000001,8.0,132.5469,9.0,-33.47297999999999,-70.63981,47.3
106,2013.5829999999999,13.3,561.9845,5.0,-33.477459999999994,-70.64390999999998,47.3
107,2012.6670000000001,32.9,87.30221999999999,10.0,-33.473,-70.64022,47.1
108,2013.0829999999999,17.2,189.5181,8.0,-33.46706999999999,-70.64308,47.1
109,2013.5,19.2,557.4780000000001,4.0,-33.464189999999995,-70.63797,47.0
110,2012.75,7.8,104.8101,5.0,-33.45674,-70.64067,47.0
111,2012.75,11.4,390.5684,5.0,-33.46937,-70.64245,46.8
112,2013.4170000000001,20.3,287.6025,6.0,-33.47041999999999,-70.64228,46.7
113,2013.0,18.3,82.88643,10.0,-33.473,-70.64026,46.6
114,2013.4170000000001,11.9,3171.329,0.0,-33.49115,-70.61775999999998,46.6
115,2013.0,33.5,563.2854,8.0,-33.47223,-70.63597,46.6
116,2013.0829999999999,20.6,737.9161,2.0,-33.47091999999999,-70.64738999999999,46.4
117,2013.1670000000001,16.2,289.3248,5.0,-33.47203,-70.64348000000001,46.2
118,2012.6670000000001,15.6,289.3248,5.0,-33.47203,-70.64348000000001,46.1
119,2013.1670000000001,33.2,121.7262,10.0,-33.471779999999995,-70.64058999999997,46.1
120,2013.3329999999999,34.5,324.9419,6.0,-33.468140000000005,-70.6417,46.0
121,2013.4170000000001,13.1,561.9845,5.0,-33.477459999999994,-70.64390999999998,45.9
122,2012.75,0.0,208.3905,6.0,-33.44618,-70.63843999999997,45.7
123,2012.9170000000001,2.1,451.2438,5.0,-33.46562999999999,-70.64694,45.5
124,2013.4170000000001,0.0,185.4296,0.0,-33.461099999999995,-70.6317,45.5
125,2013.25,2.3,184.3302,6.0,-33.45581,-70.64085999999998,45.4
126,2012.833,0.0,274.0144,1.0,33.4648,70.63059,45.4
127,2012.8329999999999,0.0,274.0144,1.0,-33.4648,-70.63059,45.4
128,2012.8329999999999,10.3,211.4473,1.0,-33.46417,-70.62998999999998,45.3
129,2013.4170000000001,4.3,432.0385,7.0,-33.470499999999994,-70.63777999999998,45.2
130,2013.5,16.4,3780.59,0.0,-33.422929999999994,-70.61202999999998,45.1
131,2013.1670000000001,1.1,193.5845,6.0,-33.45571,-70.64089,45.1
132,2013.4170000000001,0.0,338.9679,9.0,-33.45853,-70.64412999999998,44.9
133,2013.3329999999999,4.7,387.7721,9.0,-33.47117999999999,-70.63788000000001,44.8
134,2013.5,4.9,387.7721,9.0,-33.47117999999999,-70.63788000000001,44.7
135,2013.3329999999999,13.9,289.3248,5.0,-33.47203,-70.64348000000001,44.5
136,2013.4170000000001,40.1,123.7429,8.0,-33.46634999999999,-70.64329000000001,44.3
137,2012.9170000000001,34.8,190.0392,8.0,-33.46706999999999,-70.64312,44.3
138,2013.4170000000001,21.7,512.5487,4.0,-33.464,-70.63842,44.2
139,2013.5,14.1,3,500,nan,nan,44.0
140,2012.75,0.0,208.3905,6.0,-33.44618,-70.63843999999997,44.0
141,2013.583,14.1,3,500,nan,nan,44.0
142,2013.25,22.2,379.5575,10.0,-33.47342999999999,-70.63762,44.0
143,2013.25,17.3,444.1334,1.0,-33.46500999999999,-70.62729999999998,43.9
144,2013.4170000000001,13.6,492.2313,5.0,-33.45515,-70.63736999999998,43.8
145,2013.0829999999999,15.1,383.2805,7.0,-33.45735,-70.64464,43.7
146,2013.1670000000001,10.0,942.4664,0.0,-33.46843,-70.62406,43.5
147,2013.0829999999999,0.0,274.0144,1.0,-33.4648,-70.63059,43.5
148,2013.4170000000001,28.2,330.0854,8.0,-33.46408,-70.64010999999998,43.4
149,2012.75,3.2,489.8821,8.0,-33.46017,-70.64493999999998,43.2
150,2013.25,9.1,1402.016,0.0,-33.47569,-70.6276,43.2
151,2013.4170000000001,18.2,350.8515,1.0,-33.465439999999994,-70.63118999999998,43.1
152,2012.8329999999999,5.0,390.5684,5.0,-33.46937,-70.64245,43.1
153,2013.3329999999999,33.6,270.8895,0.0,-33.46281,-70.63265,42.9
154,2013.3329999999999,8.3,104.8101,5.0,-33.45674,-70.64067,42.8
155,2013.1670000000001,43.8,57.58945,7.0,-33.4575,-70.64068999999998,42.7
156,2013.0829999999999,14.0,438.8513,1.0,-33.464929999999995,-70.62729999999998,42.6
157,2012.6670000000001,12.9,492.2313,5.0,-33.45515,-70.63736999999998,42.5
158,2013.4170000000001,28.6,197.1338,6.0,-33.46630999999999,-70.64435999999998,42.5
159,2012.6670000000001,12.6,383.2805,7.0,-33.45735,-70.64464,42.5
160,2012.9170000000001,21.2,512.5487,4.0,-33.464,-70.63842,42.5
161,2013.0829999999999,13.3,336.0532,5.0,-33.447759999999995,-70.63438000000001,42.4
162,2013.0,13.2,492.2313,5.0,-33.45515,-70.63736999999998,42.3
163,2013.0,13.2,492.2313,5.0,-33.45515,-70.63736999999998,42.3
164,2013.5,35.3,616.5735,8.0,-33.469449999999995,-70.63642,42.3
165,2013.4170000000001,16.9,368.1363,8.0,-33.4575,-70.64451,42.3
166,2013.25,9.1,1402.016,0.0,-33.47569,-70.6276,42.3
167,2012.9170000000001,19.5,306.5947,9.0,-33.47033999999999,-70.63951,42.2
168,2013.1670000000001,21.3,537.7971,4.0,-33.46424999999999,-70.63813999999998,42.2
169,2012.6670000000001,33.4,186.9686,6.0,-33.456039999999994,-70.64210999999997,42.2
170,2012.75,15.9,289.3248,5.0,-33.47203,-70.64348000000001,42.1
171,2013.4170000000001,21.7,463.9623,9.0,-33.4603,-70.64457999999998,42.0
172,2012.8329999999999,12.5,561.9845,5.0,-33.477459999999994,-70.64390999999998,42.0
173,2013.25,13.3,250.63099999999997,7.0,-33.456059999999994,-70.64296999999998,42.0
174,2012.8329999999999,12.5,561.9845,5.0,-33.477459999999994,-70.64390999999998,42.0
175,2013.0829999999999,33.0,181.0766,9.0,-33.46697,-70.64262,42.0
176,2013.4170000000001,33.6,371.2495,8.0,-33.46253999999999,-70.64058999999997,41.9
177,2013.417,33.6,371.2495,8.0,33.46254,70.64059,41.9
178,2013.25,3.7,577.9615,6.0,-33.46200999999999,-70.64721999999998,41.6
179,2013.0,33.9,157.6052,7.0,-33.45627999999999,-70.64196,41.5
180,2013.5,13.7,250.63099999999997,7.0,-33.456059999999994,-70.64296999999998,41.4
181,2013.0829999999999,34.8,405.2134,1.0,-33.46348999999999,-70.63372,41.4
182,2013.3329999999999,16.4,289.3248,5.0,-33.47203,-70.64348000000001,41.2
183,2013.5,34.6,3085.17,0.0,-33.488,-70.6155,41.2
184,2013.5,34.6,3085.17,0.0,-33.488,-70.6155,41.2
185,2012.8329999999999,34.7,482.7581,5.0,-33.46432999999999,-70.63862999999998,41.1
186,2012.9170000000001,40.9,167.5989,5.0,-33.4563,-70.64026,41.0
187,2013.1670000000001,27.5,394.0173,7.0,-33.46305,-70.63994,41.0
188,2013.4170000000001,38.5,216.8329,7.0,-33.470859999999995,-70.64161999999997,41.0
189,2012.8329999999999,34.8,175.6294,8.0,-33.463469999999994,-70.64271,40.9
190,2013.25,6.5,376.1709,6.0,-33.44418,-70.63713,40.9
191,2013.4170000000001,7.5,639.6198,5.0,-33.46258,-70.64814,40.8
192,2013.0829999999999,35.5,640.7391,3.0,-33.46562999999999,-70.63714999999998,40.8
193,2012.9170000000001,28.0,372.6242,6.0,-33.46838,-70.64119000000001,40.8
194,2013.1670000000001,32.6,493.657,7.0,-33.45967999999999,-70.64522,40.6
195,2013.4170000000001,16.4,389.8219,6.0,-33.45412,-70.64273,40.6
196,2013.0829999999999,12.8,732.8528,0.0,-33.46668,-70.62518,40.6
197,2013.25,18.8,390.9696,7.0,-33.46923,-70.63986,40.6
198,2012.75,13.0,492.2313,5.0,-33.45515,-70.63736999999998,40.5
199,2013.1670000000001,1.9,372.1386,7.0,-33.46293,-70.64026,40.5
200,2013.0,16.9,967.4,4.0,-33.47872,-70.63408000000001,40.3
201,2012.6670000000001,34.5,623.4731,7.0,-33.46933,-70.63642,40.3
202,2013.5,11.8,533.4762,4.0,-33.46445,-70.64765,40.3
203,2012.6670000000001,29.1,506.1144,4.0,-33.46844999999999,-70.63888999999998,40.3
204,2012.75,29.3,529.7771,8.0,-33.47102,-70.63655,40.2
205,2012.9170000000001,32.4,265.0609,8.0,-33.470589999999994,-70.63986,40.2
206,2013.5,13.6,492.2313,5.0,-33.45515,-70.63736999999998,40.1
207,2013.4170000000001,17.2,390.5684,5.0,-33.46937,-70.64245,40.1
208,2013.0,nan,,nan,"nan,",nan,40.0
209,2013.4170000000001,17.1,967.4,4.0,-33.47872,-70.63408000000001,40.0
210,2012.6670000000001,34.9,179.4538,8.0,-33.46348999999999,-70.64245,39.7
211,2013.25,37.8,590.9292,1.0,-33.46153,-70.63559000000001,39.7
212,2012.6670000000001,30.9,161.942,9.0,-33.47353,-70.63965999999998,39.7
213,2013.4170000000001,19.2,616.4004,3.0,-33.467229999999994,-70.63767,39.6
214,2013.1670000000001,39.8,617.7134,2.0,-33.46576999999999,-70.63475,39.6
215,2012.8329999999999,18.0,373.3937,8.0,-33.4766,-70.64081999999998,39.5
216,2013.0,11.6,390.5684,5.0,-33.46937,-70.64245,39.4
217,2013.5829999999999,33.3,196.6172,7.0,-33.467009999999995,-70.64224,39.4
218,2012.9170000000001,13.0,492.2313,5.0,-33.45515,-70.63736999999998,39.3
219,2012.75,12.9,250.63099999999997,7.0,-33.456059999999994,-70.64296999999998,39.3
220,2013.0829999999999,34.0,157.6052,7.0,-33.45627999999999,-70.64196,39.1
221,2013.1670000000001,13.0,732.8528,0.0,-33.46668,-70.62518,39.0
222,2013.0829999999999,13.3,492.2313,5.0,-33.45515,-70.63736999999998,38.9
223,2013.0,39.6,480.6977,4.0,-33.46352999999999,-70.63884999999998,38.8
224,2013.5,32.8,377.8302,9.0,-33.46150999999999,-70.64349999999997,38.6
225,2013.3329999999999,9.0,1402.016,0.0,-33.47569,-70.6276,38.5
226,2012.75,7.8,104.8101,5.0,-33.45674,-70.64067,38.4
227,2013.5,38.3,439.7105,0.0,-33.46160999999999,-70.63422999999997,38.4
228,2013.0829999999999,36.6,488.8193,8.0,-33.46015,-70.64493999999998,38.3
229,2013.5,17.5,964.7496,4.0,-33.47872,-70.63410999999998,38.2
230,2013.5,26.4,335.5273,6.0,-33.4696,-70.64139999999998,38.1
231,2012.8329999999999,15.7,815.9314,4.0,-33.46885999999999,-70.63463999999998,38.1
232,2013.0829999999999,36.6,488.8193,8.0,-33.46015,-70.64493999999998,38.1
233,2012.6670000000001,0.0,185.4296,0.0,-33.461099999999995,-70.6317,37.9
234,2012.9170000000001,32.0,84.87881999999999,10.0,-33.47297999999999,-70.64023999999998,37.9
235,2013.1670000000001,13.2,750.0704,2.0,-33.46370999999999,-70.64950999999998,37.8
236,2012.9170000000001,16.9,964.7496,4.0,-33.47872,-70.63410999999998,37.7
237,2013.25,29.6,535.5269999999999,8.0,-33.47091999999999,-70.63653000000001,37.5
238,2012.75,15.6,752.7669,2.0,-33.467949999999995,-70.63450999999998,37.5
239,2013.4170000000001,19.8,640.6071,5.0,-33.46017,-70.64647,37.5
240,2013.1670000000001,26.6,482.7581,5.0,-33.46432999999999,-70.63862999999998,37.5
241,2013.0829999999999,27.6,515.1122,5.0,-33.45299,-70.6432,37.4
242,2012.6670000000001,15.5,815.9314,4.0,-33.46885999999999,-70.63463999999998,37.4
243,2012.75,17.7,350.8515,1.0,-33.465439999999994,-70.63118999999998,37.4
244,2013.3329999999999,37.3,587.8877,8.0,-33.460770000000004,-70.64634000000001,37.4
245,2012.9170000000001,12.7,170.1289,1.0,-33.46370999999999,-70.62983999999999,37.3
246,2012.6670000000001,23.0,130.9945,6.0,-33.44663,-70.63765,37.2
247,2013.0,13.0,750.0704,2.0,-33.46370999999999,-70.64950999999998,37.0
248,2013.0829999999999,37.7,490.3446,0.0,-33.46216999999999,-70.63471,37.0
249,2013.0829999999999,2.5,156.2442,4.0,-33.456959999999995,-70.63991999999998,36.9
250,2013.5829999999999,35.9,616.4004,3.0,-33.467229999999994,-70.63767,36.8
251,2013.0,30.8,377.7956,6.0,-33.454269999999994,-70.63964,36.8
252,2013.583,35.9,616.4004,3.0,33.46723,70.63767,36.8
253,2013.4170000000001,3.5,757.3377,3.0,-33.46538,-70.64971,36.7
254,2013.5,13.1,1144.4360000000001,4.0,-33.481759999999994,-70.63456,36.7
255,2013.0,22.8,707.9067,2.0,-33.471,-70.64712999999998,36.6
256,2013.5829999999999,27.3,337.6016,6.0,-33.45430999999999,-70.64062999999999,36.5
257,2013.0829999999999,30.2,472.1745,3.0,-33.460049999999995,-70.63758,36.5
258,2013.5829999999999,32.5,424.5442,8.0,-33.465869999999995,-70.63913000000001,36.3
259,2012.9170000000001,31.5,258.186,9.0,-33.45867,-70.64331,36.3
260,2013.4170000000001,30.4,464.223,6.0,-33.469640000000005,-70.63804999999998,36.2
261,2012.75,38.0,461.7848,0.0,-33.46229,-70.63445,35.7
262,2013.25,16.1,815.9314,4.0,-33.46885999999999,-70.63463999999998,35.6
263,2012.8329999999999,5.1,1867.233,2.0,-33.474070000000005,-70.61748,35.6
264,2013.25,26.8,482.7581,5.0,-33.46432999999999,-70.63862999999998,35.5
265,2013.25,26.8,482.7581,5.0,-33.46432999999999,-70.63862999999998,35.5
266,2013.0829999999999,42.7,443.80199999999996,6.0,-33.469269999999995,-70.63874,35.3
267,2013.0829999999999,41.3,401.8807,4.0,-33.47326,-70.6446,35.1
268,2013.4170000000001,36.1,519.4617,5.0,-33.45305,-70.63758,34.7
269,2013.0829999999999,28.4,617.4424,3.0,-33.46746,-70.63298999999998,34.6
270,2013.3329999999999,15.2,461.1016,5.0,-33.44425,-70.6399,34.6
271,2012.9170000000001,15.0,383.2805,7.0,-33.45735,-70.64464,34.4
272,2013.5,13.2,1164.838,4.0,-33.481559999999995,-70.63405999999998,34.3
273,2013.0829999999999,38.5,665.0636,3.0,-33.46503,-70.63691999999998,34.2
274,2012.75,37.9,488.5727,1.0,-33.46348999999999,-70.63450999999998,34.2
275,2012.75,12.5,1144.4360000000001,4.0,-33.481759999999994,-70.63456,34.1
276,2012.75,34.4,512.7871,6.0,-33.47748,-70.64300999999998,34.1
277,2013.4170000000001,31.4,592.5006,2.0,-33.462599999999995,-70.63561,34.1
278,2012.75,34.4,512.7871,6.0,-33.47748,-70.64300999999998,34.1
279,2012.25,13.3,303,,nan,nan,34.0
280,2012.667,13.3,303,,nan,nan,34.0
281,2012.25,33.3,533,nan,nan,nan,34.0
282,2012.917,33.3,533,nan,nan,nan,34.0
283,2013.0,19.1,461.1016,5.0,-33.44425,-70.6399,34.0
284,2013.25,10.4,276.449,5.0,-33.44592999999999,-70.63913000000001,33.6
285,2012.8329999999999,2.0,2077.39,3.0,-33.45357,-70.61328999999998,33.4
286,2013.5,4.0,2147.376,3.0,-33.45299,-70.61283999999998,33.4
287,2013.0,12.9,187.4823,1.0,-33.46388,-70.62980999999998,33.1
288,2013.4170000000001,35.3,614.1394,7.0,-33.46912999999999,-70.63665999999998,33.1
289,2013.0,19.2,461.1016,5.0,-33.44425,-70.6399,32.9
290,2012.8329999999999,12.7,170.1289,1.0,-33.46370999999999,-70.62983999999999,32.9
291,2012.833,12.7,170.1289,1.0,33.46371,70.62984,32.9
292,2013.25,31.5,414.9476,4.0,-33.471990000000005,-70.64464,32.5
293,2013.3329999999999,39.7,333.3679,9.0,-33.47015999999999,-70.63932,32.4
294,2013.4170000000001,13.1,1164.838,4.0,-33.481559999999995,-70.63405999999998,32.2
295,2012.6670000000001,7.1,2175.03,3.0,-33.45305,-70.61254,32.1
296,,,,,,,32.0
297,2012.6670000000001,37.1,918.6357,1.0,-33.46198,-70.65062999999998,31.9
298,2013.4170000000001,3.9,2147.376,3.0,-33.45299,-70.61283999999998,31.7
299,2013.4170000000001,18.2,451.6419,8.0,-33.45944999999999,-70.64489999999998,31.6
300,2012.9170000000001,38.3,642.6985,3.0,-33.46558999999999,-70.63713,31.5
301,2012.6670000000001,12.4,1712.632,2.0,-33.45412,-70.6167,31.3
302,2013.1670000000001,13.3,492.2313,5.0,-33.45515,-70.63736999999998,31.3
303,2013.5,4.1,2147.376,3.0,-33.45299,-70.61283999999998,31.3
304,2013.5829999999999,6.2,1939.749,1.0,-33.44154999999999,-70.65387,31.3
305,2013.3329999999999,17.6,1805.665,2.0,-33.47671999999999,-70.62091,31.1
306,2013.4170000000001,2.6,1554.25,3.0,-33.46026,-70.61641999999998,31.1
307,2012.8329999999999,31.3,600.8604,5.0,-33.45871,-70.64650999999998,30.9
308,2013.4170000000001,13.2,1712.632,2.0,-33.45412,-70.6167,30.8
309,2013.25,17.0,1485.0970000000002,4.0,-33.46073,-70.61699999999998,30.7
310,2013.5,4.0,2147.376,3.0,-33.45299,-70.61283999999998,30.7
311,2012.9170000000001,13.7,1236.5639999999999,1.0,-33.466939999999994,-70.65391,30.6
312,2013.5,25.3,1583.7220000000002,3.0,-33.456219999999995,-70.61708999999998,30.6
313,2012.6670000000001,32.7,392.4459,6.0,-33.453979999999994,-70.6425,30.5
314,2013.4170000000001,14.7,1717.193,2.0,-33.45446999999999,-70.61649,30.5
315,2013.4170000000001,12.2,1360.139,1.0,-33.44203999999999,-70.64841999999999,30.1
316,2013.1670000000001,39.2,424.7132,7.0,-33.464290000000005,-70.63917,30.0
317,2013.417,,,nan,"nan,",nan,30.0
318,2012.9170000000001,38.2,552.4371,2.0,-33.465979999999995,-70.63381,29.8
319,2013.5,18.1,837.7233,0.0,-33.453340000000004,-70.64766999999998,29.7
320,2013.5,12.3,1360.139,1.0,-33.44203999999999,-70.64841999999999,29.5
321,2012.9170000000001,17.3,2261.4320000000002,4.0,-33.45182,-70.61222,29.5
322,2013.4170000000001,20.0,1626.0829999999999,3.0,-33.456219999999995,-70.61667999999997,29.4
323,2013.0,16.3,3529.5640000000003,0.0,-33.42207,-70.61596999999998,29.3
324,2013.4170000000001,13.2,170.1289,1.0,-33.46370999999999,-70.62983999999999,29.3
325,2013.4170000000001,4.5,2275.877,3.0,-33.453140000000005,-70.61151,29.3
326,2013.5,15.2,3771.895,0.0,-33.42363,-70.61157999999998,29.3
327,2013.3329999999999,12.0,1360.139,1.0,-33.44203999999999,-70.64841999999999,28.9
328,2013.3329999999999,5.1,1559.8270000000002,3.0,-33.462129999999995,-70.61627,28.9
329,2013.0829999999999,11.0,1712.632,2.0,-33.45412,-70.6167,28.8
330,2013.0829999999999,17.7,837.7233,0.0,-33.453340000000004,-70.64766999999998,28.8
331,2012.8329999999999,4.0,2180.245,3.0,-33.453239999999994,-70.61241,28.6
332,2012.8329999999999,12.7,187.4823,1.0,-33.46388,-70.62980999999998,28.5
333,2012.8329999999999,34.9,567.0349,4.0,-33.46003,-70.6458,28.5
334,2013.0829999999999,11.9,1360.139,1.0,-33.44203999999999,-70.64841999999999,28.4
335,2013.5829999999999,4.0,2147.376,3.0,-33.45299,-70.61283999999998,28.4
336,2013.4170000000001,18.5,2175.744,3.0,-33.4533,-70.61242999999997,28.1
337,2012.9170000000001,17.2,2175.877,3.0,-33.45303,-70.61254,27.7
338,2013.4170000000001,21.2,2185.1279999999997,3.0,-33.453219999999995,-70.61237,27.7
339,2013.0829999999999,7.6,2175.03,3.0,-33.45305,-70.61254,27.7
340,2013.5,10.4,2251.938,4.0,-33.449569999999994,-70.61353000000001,27.3
341,2013.5,13.9,4079.4179999999997,0.0,-33.50458999999999,-70.61815999999997,27.3
342,2013.0829999999999,15.6,1756.411,2.0,-33.47319999999999,-70.61811999999998,27.3
343,2013.083,29.3,1487.868,2.0,33.46542,70.61726,27.0
344,2013.0829999999999,29.3,1487.868,2.0,-33.465419999999995,-70.61725999999999,27.0
345,2013.5829999999999,32.1,1438.579,3.0,-33.464189999999995,-70.61749999999998,27.0
346,2012.8329999999999,1.8,1455.7979999999998,1.0,-33.441199999999995,-70.649,27.0
347,2013.25,34.6,272.6783,5.0,-33.44562,-70.63871999999998,26.9
348,2013.3329999999999,12.2,1360.139,1.0,-33.44203999999999,-70.64841999999999,26.6
349,2013.0,18.0,1414.8370000000002,1.0,-33.44181999999999,-70.64886999999997,26.6
350,2013.0,18.0,1414.8370000000002,1.0,-33.44181999999999,-70.64886999999997,26.5
351,2012.6670000000001,14.6,339.2289,1.0,-33.46518999999999,-70.63150999999998,26.5
352,2012.9170000000001,17.7,451.6419,8.0,-33.45944999999999,-70.64489999999998,26.5
353,2012.75,11.5,1360.139,1.0,-33.44203999999999,-70.64841999999999,26.2
354,2012.6670000000001,30.4,1735.595,2.0,-33.454640000000005,-70.61622999999999,25.9
355,2012.8329999999999,18.4,2674.961,3.0,-33.451429999999995,-70.60826999999998,25.7
356,2013.1670000000001,20.9,2185.1279999999997,3.0,-33.453219999999995,-70.61237,25.7
357,2012.8329999999999,20.5,2185.1279999999997,3.0,-33.453219999999995,-70.61237,25.6
358,2012.9170000000001,2.0,1455.7979999999998,1.0,-33.441199999999995,-70.649,25.6
359,2013.25,16.2,2103.555,3.0,-33.450419999999994,-70.61461999999999,25.6
360,2013.4170000000001,17.4,995.7554,0.0,-33.45305,-70.64914999999998,25.5
361,2013.5,23.0,3947.945,0.0,-33.43783,-70.60243,25.3
362,2013.3329999999999,17.5,995.7554,0.0,-33.45305,-70.64914999999998,25.3
363,2013.1670000000001,12.0,1360.139,1.0,-33.44203999999999,-70.64841999999999,25.3
364,2012.75,29.6,769.4034,7.0,-33.47281,-70.63408000000001,25.0
365,2012.75,14.2,1801.5439999999999,1.0,-33.44153,-70.65253999999999,24.8
366,2013.5,5.6,2408.993,0.0,-33.445049999999995,-70.65964,24.7
367,2013.5,32.6,4136.271,1.0,-33.445440000000005,-70.5963,24.7
368,2013.5829999999999,16.4,1643.499,2.0,-33.443940000000005,-70.65173999999998,24.7
369,2012.8329999999999,10.3,3079.89,0.0,-33.444599999999994,-70.66627,24.7
370,2012.9170000000001,14.7,1360.139,1.0,-33.44203999999999,-70.64841999999999,24.6
371,2012.9170000000001,14.7,1360.139,1.0,-33.44203999999999,-70.64841999999999,24.6
372,2013.0829999999999,17.5,395.6747,5.0,-33.446740000000005,-70.634,24.5
373,2013.1670000000001,16.2,2288.011,3.0,-33.44884999999999,-70.61358999999999,24.4
374,2013.25,8.0,2216.612,4.0,-33.450070000000004,-70.61361,23.9
375,2013.25,21.7,1157.988,0.0,-33.451649999999994,-70.65011,23.8
376,2012.6670000000001,20.4,2469.645,4.0,-33.45107999999999,-70.61045999999997,23.8
377,2013.25,17.8,1783.18,3.0,-33.45730999999999,-70.61486,23.7
378,2012.8329999999999,15.9,1497.713,3.0,-33.46003,-70.61695999999998,23.6
379,2013.5,13.5,2147.376,3.0,-33.45299,-70.61283999999998,23.6
380,2013.4170000000001,8.4,1962.628,1.0,-33.44468,-70.65481,23.5
381,2013.4170000000001,33.5,1978.671,2.0,-33.47673999999999,-70.61843999999998,23.5
382,2013.5,16.5,2288.011,3.0,-33.44884999999999,-70.61358999999999,23.2
383,2013.4170000000001,9.9,2102.427,3.0,-33.45043999999999,-70.61461999999999,23.1
384,2013.3329999999999,21.7,1055.067,0.0,-33.45211,-70.64927999999998,23.1
385,2013.4170000000001,14.7,1717.193,2.0,-33.45446999999999,-70.61649,23.0
386,2013.083,,,,,,23.0
387,2013.0,17.6,837.7233,0.0,-33.453340000000004,-70.64766999999998,23.0
388,2012.9170000000001,14.7,1935.009,2.0,-33.45385999999999,-70.61457999999998,22.9
389,2012.6670000000001,20.2,2185.1279999999997,3.0,-33.453219999999995,-70.61237,22.8
390,2012.9170000000001,30.0,1013.341,5.0,-33.480059999999995,-70.63459999999998,22.8
391,2013.5,30.3,4510.359,1.0,-33.439249999999994,-70.59541999999998,22.6
392,2013.5,25.5,nan,0.0,nan,nan,22.4
393,2013.0,5.2,2408.993,0.0,-33.445049999999995,-70.65964,22.3
394,2013.0,19.0,1009.235,0.0,-33.45357,-70.64950999999998,22.3
395,2013.5,25.9,4519.69,0.0,-33.43826,-70.59586999999998,22.1
396,2013.4170000000001,17.9,1783.18,3.0,-33.45730999999999,-70.61486,22.1
397,2013.0,8.9,3078.176,0.0,-33.44463999999999,-70.66627,22.0
398,2013.1670000000001,18.2,2179.59,3.0,-33.45299,-70.61251999999998,21.8
399,2012.75,14.1,2615.465,0.0,-33.44494999999999,-70.66174000000001,21.8
400,2012.9170000000001,20.6,2469.645,4.0,-33.45107999999999,-70.61045999999997,21.8
401,2013.0829999999999,4.8,1559.8270000000002,3.0,-33.462129999999995,-70.61627,21.7
402,2012.75,31.4,1447.286,3.0,-33.46285,-70.6173,21.5
403,2013.0829999999999,12.8,1449.7220000000002,3.0,-33.462889999999994,-70.61728000000001,21.4
404,2013.4170000000001,11.0,1931.207,2.0,-33.45365,-70.61470999999997,21.3
405,2012.8329999999999,15.0,1828.319,2.0,-33.454640000000005,-70.61531,20.9
406,2013.5829999999999,18.1,1783.18,3.0,-33.45730999999999,-70.61486,20.9
407,2012.9170000000001,18.9,1009.235,0.0,-33.45357,-70.64950999999998,20.8
408,2013.5,16.9,4066.587,0.0,-33.432970000000005,-70.60342,20.7
409,2013.0829999999999,31.3,1758.406,1.0,-33.444019999999995,-70.65281999999998,20.7
410,2012.9170000000001,16.3,4066.587,0.0,-33.432970000000005,-70.60342,20.5
411,2013.1670000000001,13.8,4082.015,0.0,-33.431549999999994,-70.60381,20.0
412,2012.8329999999999,13.9,4573.779,0.0,-33.438669999999995,-70.59506999999998,19.2
413,2013.0,13.6,4197.349,0.0,-33.42885,-70.60382999999999,19.2
414,2013.25,30.3,1264.73,0.0,-33.43883,-70.62953999999998,19.1
415,2013.5829999999999,31.0,1156.412,0.0,-33.43889999999999,-70.63095,19.0
416,2013.5,17.0,4082.015,0.0,-33.431549999999994,-70.60381,18.8
417,2013.5,31.7,5512.0380000000005,1.0,-33.440949999999994,-70.58457999999997,18.8
418,2012.75,13.5,4197.349,0.0,-33.42885,-70.60382999999999,18.6
419,2013.5829999999999,30.7,1264.73,0.0,-33.43883,-70.62953999999998,18.3
420,2013.5829999999999,16.9,4066.587,0.0,-33.432970000000005,-70.60342,18.3
421,2013.5,16.8,4066.587,0.0,-33.432970000000005,-70.60342,18.2
422,2012.9170000000001,25.3,2707.3920000000003,3.0,-33.45056,-70.60830999999997,17.7
423,2012.9170000000001,27.1,4412.765,1.0,-33.44032,-70.59586999999998,17.4
424,2013.4170000000001,31.5,5512.0380000000005,1.0,-33.440949999999994,-70.58457999999997,17.4
425,2013.3329999999999,16.7,4082.015,0.0,-33.431549999999994,-70.60381,16.7
426,2012.9170000000001,31.9,1146.329,0.0,-33.4392,-70.63076,16.1
427,2013.0,13.6,4082.015,0.0,-33.431549999999994,-70.60381,15.9
428,2013.1670000000001,13.8,4082.015,0.0,-33.431549999999994,-70.60381,15.6
429,2013.3329999999999,25.6,4519.69,0.0,-33.43826,-70.59586999999998,15.6
430,2012.6670000000001,26.9,4449.27,0.0,-33.438979999999994,-70.59621,15.5
431,2013.0,13.7,4082.015,0.0,-33.431549999999994,-70.60381,15.4
432,2012.8329999999999,18.0,6306.153,1.0,-33.44743,-70.57516,15.0
433,2012.8329999999999,16.2,4074.736,0.0,-33.43235,-70.60356999999998,14.7
434,2013.3329999999999,24.0,4527.687,0.0,-33.43741,-70.59628000000001,14.4
435,2012.917,5.2,213,,nan,nan,14.0
436,2014.417,5.2,213,,nan,nan,14.0
437,2012.9170000000001,31.7,1159.454,0.0,-33.4396,-70.63018000000001,13.8
438,2012.8329999999999,31.7,1160.632,0.0,-33.43968,-70.63009,13.7
439,2012.8329999999999,31.7,1160.632,0.0,-33.43968,-70.63009,13.7
440,2013.4170000000001,24.2,4605.749,0.0,-33.436840000000004,-70.59577999999998,13.4
441,2012.6670000000001,29.4,4510.359,1.0,-33.439249999999994,-70.59541999999998,13.2
442,2013.0,13.6,4197.349,0.0,-33.42885,-70.60382999999999,13.0
443,2012.75,16.1,4066.587,0.0,-33.432970000000005,-70.60342,12.9
444,2013.0829999999999,32.0,1156.777,0.0,-33.43934999999999,-70.63046,12.8
445,2013.0,16.5,4082.015,0.0,-33.431549999999994,-70.60381,12.8
446,2013.0,30.9,6396.283,1.0,-33.43375,-70.57883000000001,12.2
447,2012.75,16.0,4066.587,0.0,-33.432970000000005,-70.60342,11.6
448,2013.5829999999999,17.4,6488.021,1.0,-33.44718999999999,-70.57352999999998,11.2
449,2013.3329999999999,14.8,393.2606,6.0,-33.451719999999995,-70.63812,7.6
